origin,destination,trips,date
36059406201,36081003700,136,2019-12-30
36061024000,36081003700,207,2019-12-30
36081001900,36081003700,136,2019-12-30
36081003700,36081003700,163,2019-12-30
36081004500,36081003700,119,2019-12-30
36081014300,36081003700,118,2019-12-30
36081015500,36081003700,112,2019-12-30
36081029500,36081003700,95,2020-01-06
36061005800,36081003700,93,2020-01-13
36061007400,36081003700,143,2020-01-13
36061007900,36081003700,134,2020-01-13
36061011600,36081003700,108,2020-01-13
36085027302,36081003700,165,2020-01-13
36005027600,36081003700,147,2020-01-20
36061003002,36081003700,95,2020-01-20
36061009800,36081003700,140,2020-01-20
36061011000,36081003700,143,2020-01-20
36061012400,36081003700,139,2020-01-20
36061022400,36081003700,111,2020-01-20
36081001900,36081003700,266,2020-01-20
36081071600,36081003700,146,2020-01-20
36085007000,36081003700,392,2020-01-20
36085007400,36081003700,134,2020-01-20
36085009700,36081003700,187,2020-01-20
36085013302,36081003700,163,2020-01-20
36085020100,36081003700,103,2020-01-20
34017001900,36081003700,132,2020-01-27
36047024700,36081003700,113,2020-01-27
36047025300,36081003700,114,2020-01-27
36061004700,36081003700,96,2020-01-27
36061011600,36081003700,265,2020-01-27
36061012400,36081003700,155,2020-01-27
36081003900,36081003700,101,2020-01-27
36005014701,36081003700,73,2020-02-03
36005046201,36081003700,132,2020-02-03
36047003700,36081003700,89,2020-02-03
36061012800,36081003700,112,2020-02-03
36081023600,36081003700,106,2020-02-03
36081024000,36081003700,90,2020-02-03
36081044601,36081003700,82,2020-02-03
36081046000,36081003700,82,2020-02-03
36005036000,36081003700,93,2020-02-10
36061011600,36081003700,165,2020-02-10
36081027600,36081003700,98,2020-02-10
36081038302,36081003700,284,2020-02-10
36061007100,36081003700,193,2020-02-17
36061011600,36081003700,179,2020-02-17
36061012600,36081003700,113,2020-02-17
36061014500,36081003700,135,2020-02-17
36081004700,36081003700,114,2020-02-17
36119003600,36081003700,111,2020-02-17
36005027600,36081003700,129,2020-02-24
36061006800,36081003700,82,2020-02-24
36061011600,36081003700,186,2020-02-24
36061021600,36081003700,145,2020-02-24
36081017100,36081003700,103,2020-02-24
36081028400,36081003700,125,2020-02-24
36081033100,36081003700,132,2020-02-24
36081073900,36081003700,94,2020-02-24
36081074700,36081003700,157,2020-02-24
36081085500,36081003700,143,2020-02-24
36005020501,36081003700,74,2020-03-02
36047030900,36081003700,72,2020-03-02
36047057500,36081003700,104,2020-03-02
36047107000,36081003700,112,2020-03-02
36061003100,36081003700,71,2020-03-02
36061011600,36081003700,165,2020-03-02
36061012400,36081003700,414,2020-03-02
36081003700,36081003700,184,2020-03-02
36081008500,36081003700,107,2020-03-02
36081028400,36081003700,94,2020-03-02
36085014700,36081003700,82,2020-03-02
36085029103,36081003700,67,2020-03-02
36005040900,36081003700,189,2020-03-09
36047020100,36081003700,79,2020-03-09
36047073000,36081003700,91,2020-03-09
36047092000,36081003700,89,2020-03-09
36061009800,36081003700,105,2020-03-09
36061011600,36081003700,416,2020-03-09
36061012400,36081003700,223,2020-03-09
36061012600,36081003700,99,2020-03-09
36081002500,36081003700,144,2020-03-09
36081028400,36081003700,98,2020-03-09
36081046000,36081003700,249,2020-03-09
36081071600,36081003700,198,2020-03-09
36047119800,36081003700,102,2020-03-16
36081068300,36081003700,156,2020-03-16
36081085500,36081003700,194,2020-03-16
36085029102,36081003700,500,2020-03-16
36047030100,36081003700,164,2020-03-23
36047086800,36081003700,128,2020-03-23
36047119800,36081003700,382,2020-03-23
36061015200,36081003700,130,2020-03-23
36081002500,36081003700,227,2020-03-23
36081003700,36081003700,231,2020-03-30
36059410900,36081003700,154,2020-04-06
36081002500,36081003700,468,2020-04-06
36081003700,36081003700,147,2020-04-06
36005028400,36081003700,298,2020-04-13
36081028400,36081003700,216,2020-04-13
36081003700,36081003700,230,2020-04-20
36005022403,36081003700,185,2020-04-27
36005028400,36081003700,284,2020-04-27
36005039500,36081003700,154,2020-04-27
36081006502,36081003700,140,2020-04-27
34017018400,36081003700,160,2020-05-04
36081002500,36081003700,132,2020-05-04
36081007700,36081003700,133,2020-05-04
36005009600,36081003700,106,2020-05-11
36061011600,36081003700,620,2020-05-11
36081002500,36081003700,201,2020-05-11
34017006000,36081003700,138,2020-05-18
36005015200,36081003700,130,2020-05-18
36005028400,36081003700,211,2020-05-18
36081002500,36081003700,200,2020-05-18
36081009500,36081003700,144,2020-05-18
36081009900,36081003700,163,2020-05-18
36081015900,36081003700,156,2020-05-18
36081016300,36081003700,316,2020-05-18
36081031700,36081003700,163,2020-05-18
36061016800,36081003700,108,2020-05-25
36081001900,36081003700,141,2020-05-25
36081017100,36081003700,122,2020-05-25
36005011900,36081003700,111,2020-06-01
36005029600,36081003700,129,2020-06-01
36005030000,36081003700,151,2020-06-01
36059410900,36081003700,114,2020-06-01
36081002500,36081003700,142,2020-06-01
36081003700,36081003700,106,2020-06-01
36081018102,36081003700,149,2020-06-01
36081001900,36081003700,162,2020-06-08
36081002500,36081003700,165,2020-06-08
36081003700,36081003700,108,2020-06-08
36005023703,36081003700,144,2020-06-22
36005028400,36081003700,180,2020-06-22
36081000100,36081003700,180,2020-06-22
36081003700,36081003700,121,2020-06-22
36081018900,36081003700,141,2020-06-22
36081070300,36081003700,124,2020-06-22
36005030000,36081003700,166,2020-06-29
36047060800,36081003700,151,2020-06-29
36047088000,36081003700,123,2020-06-29
36047107000,36081003700,183,2020-06-29
36081000100,36081003700,117,2020-06-29
36081005700,36081003700,151,2020-06-29
36081007700,36081003700,121,2020-06-29
36081008500,36081003700,129,2020-06-29
36081011300,36081003700,217,2020-06-29
36081017100,36081003700,116,2020-06-29
36081025500,36081003700,125,2020-06-29
36081030904,36081003700,107,2020-06-29
34017006000,36081003700,185,2020-07-06
36005009000,36081003700,109,2020-07-06
36005029600,36081003700,325,2020-07-06
36005039500,36081003700,163,2020-07-06
36047057300,36081003700,140,2020-07-06
36081003700,36081003700,120,2020-07-06
36081005700,36081003700,159,2020-07-06
36081011300,36081003700,123,2020-07-06
36081011500,36081003700,111,2020-07-06
36081011700,36081003700,126,2020-07-06
36081028400,36081003700,173,2020-07-06
36081062900,36081003700,139,2020-07-06
36081071702,36081003700,105,2020-07-06
36005019700,36081003700,144,2020-07-13
36005027600,36081003700,171,2020-07-13
36005028400,36081003700,121,2020-07-13
36047001100,36081003700,115,2020-07-13
36047021100,36081003700,141,2020-07-13
36047021900,36081003700,134,2020-07-13
36047024700,36081003700,111,2020-07-13
36047034900,36081003700,104,2020-07-13
36047087200,36081003700,118,2020-07-13
36047114201,36081003700,149,2020-07-13
36061022400,36081003700,146,2020-07-13
36081000700,36081003700,101,2020-07-13
36081003700,36081003700,180,2020-07-13
36081003900,36081003700,134,2020-07-13
36081005700,36081003700,137,2020-07-13
36081006300,36081003700,222,2020-07-13
36081008500,36081003700,159,2020-07-13
36081009500,36081003700,133,2020-07-13
36081011300,36081003700,117,2020-07-13
36081011500,36081003700,118,2020-07-13
36081014300,36081003700,134,2020-07-13
36081028400,36081003700,143,2020-07-13
36081048500,36081003700,155,2020-07-13
36081079200,36081003700,190,2020-07-13
34013980200,36081003700,135,2020-07-20
34017002700,36081003700,161,2020-07-20
34017006000,36081003700,137,2020-07-20
36005046202,36081003700,157,2020-07-20
36047001100,36081003700,143,2020-07-20
36047001500,36081003700,120,2020-07-20
36047011700,36081003700,136,2020-07-20
36047014100,36081003700,182,2020-07-20
36047028900,36081003700,140,2020-07-20
36047087000,36081003700,100,2020-07-20
36047088000,36081003700,126,2020-07-20
36061001501,36081003700,118,2020-07-20
36061002800,36081003700,168,2020-07-20
36061013700,36081003700,165,2020-07-20
36061017401,36081003700,131,2020-07-20
36061022400,36081003700,145,2020-07-20
36061030900,36081003700,126,2020-07-20
36081003700,36081003700,184,2020-07-20
36081007700,36081003700,128,2020-07-20
36081008800,36081003700,142,2020-07-20
36081009500,36081003700,154,2020-07-20
36081018900,36081003700,140,2020-07-20
36081025500,36081003700,248,2020-07-20
36081026700,36081003700,114,2020-07-20
36081065400,36081003700,436,2020-07-20
36081103202,36081003700,197,2020-07-20
34017006000,36081003700,144,2020-07-27
36005022403,36081003700,140,2020-07-27
36005028400,36081003700,313,2020-07-27
36005040100,36081003700,97,2020-07-27
36047005100,36081003700,93,2020-07-27
36047051200,36081003700,173,2020-07-27
36047057500,36081003700,93,2020-07-27
36047081600,36081003700,142,2020-07-27
36047086000,36081003700,161,2020-07-27
36047087000,36081003700,119,2020-07-27
36047093000,36081003700,170,2020-07-27
36047110400,36081003700,97,2020-07-27
36047120800,36081003700,176,2020-07-27
36061000900,36081003700,147,2020-07-27
36061020000,36081003700,104,2020-07-27
36081000700,36081003700,151,2020-07-27
36081003700,36081003700,407,2020-07-27
36081006100,36081003700,125,2020-07-27
36081007700,36081003700,100,2020-07-27
36081008500,36081003700,148,2020-07-27
36081015500,36081003700,201,2020-07-27
36081094500,36081003700,125,2020-07-27
36005016400,36081003700,130,2020-08-03
36005040304,36081003700,193,2020-08-03
36059303800,36081003700,219,2020-08-03
36059408000,36081003700,127,2020-08-03
36061000900,36081003700,120,2020-08-03
36081003700,36081003700,158,2020-08-03
36081009700,36081003700,161,2020-08-03
36081011500,36081003700,113,2020-08-03
36081013000,36081003700,175,2020-08-03
36081029400,36081003700,134,2020-08-03
36081044601,36081003700,112,2020-08-03
36081064600,36081003700,251,2020-08-03
36081071600,36081003700,110,2020-08-03
36005040304,36081003700,113,2020-08-10
36047112600,36081003700,105,2020-08-10
36059407301,36081003700,107,2020-08-10
36059520700,36081003700,108,2020-08-10
36061011900,36081003700,108,2020-08-10
36061022200,36081003700,127,2020-08-10
36061023600,36081003700,226,2020-08-10
36081002500,36081003700,121,2020-08-10
36081003700,36081003700,237,2020-08-10
36081006100,36081003700,94,2020-08-10
36081008500,36081003700,280,2020-08-10
36081011700,36081003700,126,2020-08-10
36081018900,36081003700,149,2020-08-10
36005009600,36081003700,98,2020-08-17
36059406701,36081003700,127,2020-08-17
36059407301,36081003700,98,2020-08-17
36059407801,36081003700,213,2020-08-17
36059410900,36081003700,106,2020-08-17
36061021600,36081003700,94,2020-08-17
36061023502,36081003700,102,2020-08-17
36061023600,36081003700,122,2020-08-17
36081003300,36081003700,130,2020-08-17
36081003700,36081003700,271,2020-08-17
36081004200,36081003700,112,2020-08-17
36081008100,36081003700,136,2020-08-17
36081009500,36081003700,171,2020-08-17
36081019900,36081003700,129,2020-08-17
36081021200,36081003700,141,2020-08-17
36081071702,36081003700,116,2020-08-17
36081094500,36081003700,106,2020-08-17
36103124401,36081003700,91,2020-08-17
36005028400,36081003700,506,2020-08-24
36005030000,36081003700,162,2020-08-24
36047110400,36081003700,106,2020-08-24
36059414900,36081003700,130,2020-08-24
36061011300,36081003700,264,2020-08-24
36061023600,36081003700,189,2020-08-24
36061026100,36081003700,168,2020-08-24
36081003700,36081003700,112,2020-08-24
36081005700,36081003700,159,2020-08-24
36081006100,36081003700,106,2020-08-24
36081011300,36081003700,122,2020-08-24
36081015300,36081003700,108,2020-08-24
36081015500,36081003700,263,2020-08-24
36081035100,36081003700,100,2020-08-24
36081064102,36081003700,140,2020-08-24
36061023600,36081003700,154,2020-08-31
36081000700,36081003700,126,2020-08-31
36081008100,36081003700,144,2020-08-31
36081008500,36081003700,145,2020-08-31
36081018900,36081003700,114,2020-08-31
36081038302,36081003700,136,2020-08-31
36059411000,36081003700,110,2020-09-07
36061008200,36081003700,113,2020-09-07
36081001900,36081003700,137,2020-09-07
36081002500,36081003700,148,2020-09-07
36081003300,36081003700,133,2020-09-07
36081003700,36081003700,148,2020-09-07
36081007700,36081003700,108,2020-09-07
36081009500,36081003700,356,2020-09-07
36081017100,36081003700,112,2020-09-07
36081103202,36081003700,154,2020-09-07
36047097000,36081003700,104,2020-09-14
36059410900,36081003700,108,2020-09-14
36061011300,36081003700,129,2020-09-14
36061012200,36081003700,145,2020-09-14
36081003700,36081003700,140,2020-09-14
36081011300,36081003700,142,2020-09-14
36081011500,36081003700,106,2020-09-14
36081018900,36081003700,93,2020-09-14
36081063700,36081003700,125,2020-09-14
36081064102,36081003700,144,2020-09-14
36081096400,36081003700,155,2020-09-14
36047073000,36081003700,287,2020-09-21
36047083600,36081003700,129,2020-09-21
36061012200,36081003700,181,2020-09-21
36081003700,36081003700,233,2020-09-21
36081003900,36081003700,219,2020-09-21
36081004500,36081003700,132,2020-09-21
36081005700,36081003700,189,2020-09-21
36081008500,36081003700,170,2020-09-21
36081011300,36081003700,132,2020-09-21
36081014700,36081003700,145,2020-09-21
36081015500,36081003700,178,2020-09-21
36081029100,36081003700,129,2020-09-21
36081048500,36081003700,146,2020-09-21
36103158007,36081003700,166,2020-09-21
34017006000,36081003700,144,2020-09-28
36005024700,36081003700,145,2020-09-28
36059303000,36081003700,118,2020-09-28
36059407600,36081003700,144,2020-09-28
36061012200,36081003700,149,2020-09-28
36061023801,36081003700,102,2020-09-28
36061031704,36081003700,134,2020-09-28
36081001900,36081003700,174,2020-09-28
36081003700,36081003700,163,2020-09-28
36081003900,36081003700,444,2020-09-28
36081008300,36081003700,114,2020-09-28
36005028400,36081003700,145,2020-10-05
36047040300,36081003700,119,2020-10-05
36061012200,36081003700,128,2020-10-05
36061012500,36081003700,132,2020-10-05
36061023801,36081003700,144,2020-10-05
36081003300,36081003700,117,2020-10-05
36081003700,36081003700,158,2020-10-05
36081006100,36081003700,100,2020-10-05
36081006300,36081003700,139,2020-10-05
36081008500,36081003700,120,2020-10-05
36081009500,36081003700,179,2020-10-05
36081015500,36081003700,94,2020-10-05
36081016300,36081003700,123,2020-10-05
36081017100,36081003700,224,2020-10-05
36081018502,36081003700,137,2020-10-05
36081025100,36081003700,148,2020-10-05
36081103202,36081003700,167,2020-10-05
34017010100,36081003700,136,2020-10-12
36005009600,36081003700,167,2020-10-12
36005028400,36081003700,150,2020-10-12
36061000900,36081003700,113,2020-10-12
36061003100,36081003700,127,2020-10-12
36061007400,36081003700,180,2020-10-12
36061011800,36081003700,117,2020-10-12
36081000100,36081003700,156,2020-10-12
36081003700,36081003700,103,2020-10-12
36081003900,36081003700,333,2020-10-12
36081005700,36081003700,141,2020-10-12
36081005900,36081003700,163,2020-10-12
36081006100,36081003700,104,2020-10-12
36081008500,36081003700,239,2020-10-12
36059410900,36081003700,122,2020-10-19
36061011800,36081003700,99,2020-10-19
36061023801,36081003700,116,2020-10-19
36081000100,36081003700,139,2020-10-19
36081003700,36081003700,377,2020-10-19
36081003900,36081003700,208,2020-10-19
36081009500,36081003700,152,2020-10-19
36081011500,36081003700,112,2020-10-19
36081017100,36081003700,240,2020-10-19
36081017900,36081003700,111,2020-10-19
36081018900,36081003700,207,2020-10-19
36081019900,36081003700,166,2020-10-19
36081028400,36081003700,131,2020-10-19
36087010101,36081003700,112,2020-10-19
36005026601,36081003700,113,2020-10-26
36005027600,36081003700,170,2020-10-26
36059416701,36081003700,152,2020-10-26
36081002500,36081003700,312,2020-10-26
36081003700,36081003700,280,2020-10-26
36081005700,36081003700,343,2020-10-26
36081005900,36081003700,224,2020-10-26
36081007100,36081003700,248,2020-10-26
36081008300,36081003700,155,2020-10-26
36081008500,36081003700,139,2020-10-26
36081011700,36081003700,120,2020-10-26
36081025400,36081003700,165,2020-10-26
36081025500,36081003700,104,2020-10-26
36005014500,36081003700,134,2020-11-02
36005027600,36081003700,162,2020-11-02
36005028400,36081003700,257,2020-11-02
36059407301,36081003700,173,2020-11-02
36061008800,36081003700,139,2020-11-02
36061011202,36081003700,247,2020-11-02
36061011402,36081003700,109,2020-11-02
36061012200,36081003700,316,2020-11-02
36061014300,36081003700,135,2020-11-02
36081002500,36081003700,136,2020-11-02
36081003300,36081003700,386,2020-11-02
36081003700,36081003700,206,2020-11-02
36081003900,36081003700,167,2020-11-02
36081005500,36081003700,115,2020-11-02
36081006100,36081003700,117,2020-11-02
36081008500,36081003700,112,2020-11-02
36081028400,36081003700,131,2020-11-02
36005028400,36081003700,149,2020-11-09
36061011401,36081003700,159,2020-11-09
36061011800,36081003700,129,2020-11-09
36061014300,36081003700,124,2020-11-09
36061015400,36081003700,143,2020-11-09
36081002500,36081003700,255,2020-11-09
36081003700,36081003700,287,2020-11-09
36081005700,36081003700,144,2020-11-09
36081006100,36081003700,150,2020-11-09
36081008500,36081003700,494,2020-11-09
36081011500,36081003700,135,2020-11-09
36081015100,36081003700,302,2020-11-09
36081025100,36081003700,149,2020-11-09
36081068300,36081003700,114,2020-11-09
36061008200,36081003700,177,2020-11-16
36061019800,36081003700,222,2020-11-16
36081003700,36081003700,179,2020-11-16
36081003900,36081003700,195,2020-11-16
36081004500,36081003700,109,2020-11-16
36081005700,36081003700,154,2020-11-16
36081008500,36081003700,494,2020-11-16
36081011300,36081003700,130,2020-11-16
36081011500,36081003700,122,2020-11-16
36081071600,36081003700,120,2020-11-16
34017010800,36081003700,106,2020-11-23
36005014500,36081003700,155,2020-11-23
36047027300,36081003700,130,2020-11-23
36061011600,36081003700,228,2020-11-23
36061011800,36081003700,126,2020-11-23
36061012400,36081003700,318,2020-11-23
36061013200,36081003700,161,2020-11-23
36061015400,36081003700,149,2020-11-23
36081002500,36081003700,331,2020-11-23
36081003300,36081003700,129,2020-11-23
36081003700,36081003700,430,2020-11-23
36081003900,36081003700,193,2020-11-23
36081005700,36081003700,130,2020-11-23
36081007700,36081003700,126,2020-11-23
36081008500,36081003700,149,2020-11-23
36081025100,36081003700,142,2020-11-23
36081071600,36081003700,167,2020-11-23
36005022200,36081003700,172,2020-11-30
36005029600,36081003700,119,2020-11-30
36061011800,36081003700,114,2020-11-30
36061023801,36081003700,108,2020-11-30
36081002500,36081003700,132,2020-11-30
36081003300,36081003700,335,2020-11-30
36081003700,36081003700,312,2020-11-30
36081003900,36081003700,323,2020-11-30
36081005700,36081003700,125,2020-11-30
36081005900,36081003700,128,2020-11-30
36081006100,36081003700,107,2020-11-30
36081007700,36081003700,126,2020-11-30
36081008300,36081003700,161,2020-11-30
36081008500,36081003700,332,2020-11-30
36081025500,36081003700,233,2020-11-30
36081033900,36081003700,376,2020-11-30
36081038302,36081003700,256,2020-11-30
36081126700,36081003700,178,2020-11-30
34017005400,36081003700,112,2020-12-07
36005003900,36081003700,122,2020-12-07
36005018500,36081003700,157,2020-12-07
36059405400,36081003700,202,2020-12-07
36061011800,36081003700,340,2020-12-07
36061015400,36081003700,136,2020-12-07
36081000100,36081003700,202,2020-12-07
36081001900,36081003700,199,2020-12-07
36081002500,36081003700,160,2020-12-07
36081003300,36081003700,282,2020-12-07
36081003700,36081003700,356,2020-12-07
36081003900,36081003700,354,2020-12-07
36081004700,36081003700,195,2020-12-07
36081005700,36081003700,159,2020-12-07
36081006501,36081003700,106,2020-12-07
36081007700,36081003700,128,2020-12-07
36081008300,36081003700,163,2020-12-07
36081015100,36081003700,166,2020-12-07
36081015700,36081003700,125,2020-12-07
36081016100,36081003700,126,2020-12-07
36081017100,36081003700,280,2020-12-07
36081018502,36081003700,153,2020-12-07
36081025100,36081003700,150,2020-12-07
36081030904,36081003700,115,2020-12-07
36081071600,36081003700,174,2020-12-07
36081071702,36081003700,152,2020-12-07
36119007200,36081003700,123,2020-12-07
34017005400,36081003700,92,2020-12-14
36059416701,36081003700,111,2020-12-14
36061007800,36081003700,118,2020-12-14
36061011300,36081003700,165,2020-12-14
36061011800,36081003700,161,2020-12-14
36061015400,36081003700,159,2020-12-14
36061021703,36081003700,160,2020-12-14
36081002500,36081003700,187,2020-12-14
36081003900,36081003700,683,2020-12-14
36081011500,36081003700,118,2020-12-14
36081025100,36081003700,192,2020-12-14
36081088901,36081003700,163,2020-12-14
34017005400,36081003700,156,2020-12-21
36005028400,36081003700,159,2020-12-21
36061011800,36081003700,108,2020-12-21
36061012400,36081003700,178,2020-12-21
36061014601,36081003700,157,2020-12-21
36061023802,36081003700,162,2020-12-21
36081002500,36081003700,167,2020-12-21
36081003700,36081003700,398,2020-12-21
36081003900,36081003700,633,2020-12-21
36081005100,36081003700,180,2020-12-21
36081005700,36081003700,325,2020-12-21
36081006100,36081003700,143,2020-12-21
36081007100,36081003700,114,2020-12-21
36081007700,36081003700,127,2020-12-21
36081011500,36081003700,121,2020-12-21
36081025301,36081003700,140,2020-12-21
36081025500,36081003700,241,2020-12-21
36081026700,36081003700,189,2020-12-21
34017006000,36081003700,114,2020-12-28
34031124401,36081003700,92,2020-12-28
36047001500,36081003700,150,2020-12-28
36047025300,36081003700,129,2020-12-28
36061009600,36081003700,120,2020-12-28
36061010800,36081003700,195,2020-12-28
36061011600,36081003700,175,2020-12-28
36061012400,36081003700,128,2020-12-28
36061016900,36081003700,140,2020-12-28
36061020300,36081003700,102,2020-12-28
36081000700,36081003700,225,2020-12-28
36081003300,36081003700,131,2020-12-28
36081003700,36081003700,203,2020-12-28
36081003900,36081003700,221,2020-12-28
36081004500,36081003700,186,2020-12-28
36081005700,36081003700,165,2020-12-28
36081008300,36081003700,171,2020-12-28
36081008500,36081003700,149,2020-12-28
36081018300,36081003700,176,2020-12-28
36081025400,36081003700,170,2020-12-28
36081026300,36081003700,109,2020-12-28
36081026500,36081003700,196,2020-12-28
36047057800,36081003700,123,2021-01-04
36061009600,36081003700,135,2021-01-04
36061010602,36081003700,159,2021-01-04
36061012000,36081003700,128,2021-01-04
36061012200,36081003700,164,2021-01-04
36081002500,36081003700,148,2021-01-04
36081003700,36081003700,390,2021-01-04
36081003900,36081003700,216,2021-01-04
36081007500,36081003700,121,2021-01-04
36081025302,36081003700,193,2021-01-04
36081025500,36081003700,242,2021-01-04
36103170001,36081003700,145,2021-01-04
36103190502,36081003700,129,2021-01-04
36047006500,36081003700,103,2021-01-11
36061011800,36081003700,238,2021-01-11
36061012400,36081003700,291,2021-01-11
36061013800,36081003700,116,2021-01-11
36061023801,36081003700,143,2021-01-11
36081002500,36081003700,147,2021-01-11
36081003300,36081003700,186,2021-01-11
36081003900,36081003700,312,2021-01-11
36081004700,36081003700,128,2021-01-11
36081007700,36081003700,237,2021-01-11
36081008500,36081003700,152,2021-01-11
36081011700,36081003700,215,2021-01-11
36061010602,36081003700,146,2021-01-18
36081001900,36081003700,134,2021-01-18
36081003300,36081003700,213,2021-01-18
36081004700,36081003700,178,2021-01-18
36081005300,36081003700,115,2021-01-18
36081008300,36081003700,124,2021-01-18
36081008500,36081003700,378,2021-01-18
36081009500,36081003700,124,2021-01-18
36081011500,36081003700,468,2021-01-18
36081018502,36081003700,157,2021-01-18
36081019000,36081003700,120,2021-01-18
36081028100,36081003700,123,2021-01-18
36103190800,36081003700,113,2021-01-18
36047057300,36081003700,212,2021-01-25
36061006200,36081003700,152,2021-01-25
36061007400,36081003700,135,2021-01-25
36061011202,36081003700,132,2021-01-25
36061014402,36081003700,156,2021-01-25
36081002500,36081003700,152,2021-01-25
36081003700,36081003700,215,2021-01-25
36081003900,36081003700,388,2021-01-25
36081006100,36081003700,129,2021-01-25
36081006300,36081003700,196,2021-01-25
36081008500,36081003700,321,2021-01-25
36081011300,36081003700,146,2021-01-25
36081026500,36081003700,184,2021-01-25
36081071600,36081003700,184,2021-01-25
36081094500,36081003700,115,2021-01-25
34013013100,36081003700,291,2021-02-01
36005028400,36081003700,173,2021-02-01
36061023801,36081003700,149,2021-02-01
36061023802,36081003700,140,2021-02-01
36081002500,36081003700,351,2021-02-01
36081003300,36081003700,253,2021-02-01
36081005300,36081003700,131,2021-02-01
36081005700,36081003700,324,2021-02-01
36081008500,36081003700,182,2021-02-01
36081017100,36081003700,154,2021-02-01
36081018700,36081003700,166,2021-02-01
36081025100,36081003700,139,2021-02-01
36081028400,36081003700,195,2021-02-01
36061006200,36081003700,175,2021-02-08
36061010601,36081003700,240,2021-02-08
36061013200,36081003700,157,2021-02-08
36061023801,36081003700,162,2021-02-08
36081003700,36081003700,217,2021-02-08
36081003900,36081003700,218,2021-02-08
36081004300,36081003700,174,2021-02-08
36081005700,36081003700,155,2021-02-08
36081008500,36081003700,315,2021-02-08
36081016900,36081003700,207,2021-02-08
36081017900,36081003700,132,2021-02-08
36081018502,36081003700,215,2021-02-08
36081018900,36081003700,221,2021-02-08
36081029100,36081003700,113,2021-02-08
36081086400,36081003700,120,2021-02-08
36081087100,36081003700,126,2021-02-08
36005003900,36081003700,129,2021-02-15
36005018500,36081003700,160,2021-02-15
36005024700,36081003700,147,2021-02-15
36005027600,36081003700,178,2021-02-15
36005030000,36081003700,171,2021-02-15
36061011401,36081003700,108,2021-02-15
36061023801,36081003700,189,2021-02-15
36081000700,36081003700,115,2021-02-15
36081003700,36081003700,285,2021-02-15
36081003900,36081003700,238,2021-02-15
36081008500,36081003700,428,2021-02-15
36081008600,36081003700,110,2021-02-15
36081011500,36081003700,119,2021-02-15
36081015900,36081003700,177,2021-02-15
36081016300,36081003700,175,2021-02-15
36081018502,36081003700,362,2021-02-15
36081023600,36081003700,134,2021-02-15
36081027900,36081003700,127,2021-02-15
36081029300,36081003700,147,2021-02-15
36081086400,36081003700,208,2021-02-15
36005024700,36081003700,134,2021-02-22
36005027600,36081003700,200,2021-02-22
36005028400,36081003700,178,2021-02-22
36061023801,36081003700,174,2021-02-22
36081000700,36081003700,129,2021-02-22
36081003700,36081003700,507,2021-02-22
36081005900,36081003700,245,2021-02-22
36081008500,36081003700,321,2021-02-22
36081011500,36081003700,128,2021-02-22
36081017100,36081003700,165,2021-02-22
36081028400,36081003700,159,2021-02-22
36081029500,36081003700,131,2021-02-22
36081071600,36081003700,212,2021-02-22
36081094500,36081003700,159,2021-02-22
36081103202,36081003700,199,2021-02-22
36047089200,36081003700,148,2021-03-01
36047093200,36081003700,203,2021-03-01
36047107000,36081003700,340,2021-03-01
36061012200,36081003700,141,2021-03-01
36061012800,36081003700,191,2021-03-01
36081000700,36081003700,350,2021-03-01
36081001900,36081003700,177,2021-03-01
36081003300,36081003700,145,2021-03-01
36081003700,36081003700,372,2021-03-01
36081003900,36081003700,502,2021-03-01
36081005100,36081003700,144,2021-03-01
36081005900,36081003700,145,2021-03-01
36081006100,36081003700,235,2021-03-01
36081006300,36081003700,191,2021-03-01
36081007700,36081003700,154,2021-03-01
36081008300,36081003700,262,2021-03-01
36081008700,36081003700,178,2021-03-01
36081010000,36081003700,122,2021-03-01
36081011500,36081003700,134,2021-03-01
36081015100,36081003700,151,2021-03-01
36081020600,36081003700,154,2021-03-01
36081028400,36081003700,170,2021-03-01
36081086400,36081003700,138,2021-03-01
34017006000,36081003700,119,2021-03-08
36005008300,36081003700,166,2021-03-08
36005028400,36081003700,166,2021-03-08
36005036300,36081003700,145,2021-03-08
36047030900,36081003700,141,2021-03-08
36047036502,36081003700,134,2021-03-08
36047057500,36081003700,117,2021-03-08
36047096800,36081003700,113,2021-03-08
36059416701,36081003700,146,2021-03-08
36061007400,36081003700,164,2021-03-08
36061010000,36081003700,113,2021-03-08
36061023802,36081003700,187,2021-03-08
36081001900,36081003700,231,2021-03-08
36081003300,36081003700,128,2021-03-08
36081003700,36081003700,618,2021-03-08
36081003900,36081003700,379,2021-03-08
36081004700,36081003700,165,2021-03-08
36081006100,36081003700,139,2021-03-08
36081007700,36081003700,154,2021-03-08
36081008500,36081003700,428,2021-03-08
36081013700,36081003700,142,2021-03-08
36081018502,36081003700,303,2021-03-08
36081028400,36081003700,136,2021-03-08
36081042700,36081003700,138,2021-03-08
36081044000,36081003700,194,2021-03-08
36081063700,36081003700,131,2021-03-08
36081084000,36081003700,158,2021-03-08
34003012001,36081003700,260,2021-03-15
36047122000,36081003700,172,2021-03-15
36061003100,36081003700,145,2021-03-15
36061004700,36081003700,111,2021-03-15
36061010000,36081003700,121,2021-03-15
36061023802,36081003700,198,2021-03-15
36081000700,36081003700,136,2021-03-15
36081001900,36081003700,136,2021-03-15
36081003100,36081003700,135,2021-03-15
36081003700,36081003700,486,2021-03-15
36081005700,36081003700,212,2021-03-15
36081007700,36081003700,153,2021-03-15
36081008500,36081003700,290,2021-03-15
36081008700,36081003700,126,2021-03-15
36081009500,36081003700,176,2021-03-15
36081018502,36081003700,172,2021-03-15
36081028400,36081003700,137,2021-03-15
34017001400,36081003700,169,2021-03-22
36005009600,36081003700,128,2021-03-22
36047112400,36081003700,202,2021-03-22
36081000100,36081003700,208,2021-03-22
36081003300,36081003700,342,2021-03-22
36081003700,36081003700,119,2021-03-22
36081003900,36081003700,282,2021-03-22
36081004700,36081003700,132,2021-03-22
36081005700,36081003700,409,2021-03-22
36081006501,36081003700,125,2021-03-22
36081007700,36081003700,130,2021-03-22
36081008300,36081003700,182,2021-03-22
36081008500,36081003700,398,2021-03-22
36081011500,36081003700,120,2021-03-22
36081011700,36081003700,127,2021-03-22
36081015100,36081003700,182,2021-03-22
36081018502,36081003700,167,2021-03-22
36081029400,36081003700,130,2021-03-22
36081087100,36081003700,256,2021-03-22
36081094500,36081003700,149,2021-03-22
36005028400,36081003700,164,2021-03-29
36047056900,36081003700,289,2021-03-29
36061012400,36081003700,168,2021-03-29
36061013200,36081003700,157,2021-03-29
36061023801,36081003700,174,2021-03-29
36081000100,36081003700,194,2021-03-29
36081000700,36081003700,128,2021-03-29
36081003700,36081003700,396,2021-03-29
36081003900,36081003700,165,2021-03-29
36081005700,36081003700,149,2021-03-29
36081005900,36081003700,141,2021-03-29
36081007100,36081003700,143,2021-03-29
36081007700,36081003700,123,2021-03-29
36081008500,36081003700,154,2021-03-29
36081008700,36081003700,289,2021-03-29
36081009500,36081003700,151,2021-03-29
36081010300,36081003700,322,2021-03-29
36081011100,36081003700,158,2021-03-29
36081011500,36081003700,289,2021-03-29
36081017100,36081003700,253,2021-03-29
36081027200,36081003700,144,2021-03-29
36081027900,36081003700,174,2021-03-29
36081071600,36081003700,185,2021-03-29
36005004800,36081003700,141,2021-04-05
36005014500,36081003700,138,2021-04-05
36005023200,36081003700,148,2021-04-05
36005026602,36081003700,138,2021-04-05
36005039700,36081003700,138,2021-04-05
36047115600,36081003700,177,2021-04-05
36061010800,36081003700,119,2021-04-05
36061011600,36081003700,325,2021-04-05
36061013400,36081003700,219,2021-04-05
36081000100,36081003700,181,2021-04-05
36081002500,36081003700,143,2021-04-05
36081003700,36081003700,294,2021-04-05
36081003900,36081003700,286,2021-04-05
36081005700,36081003700,301,2021-04-05
36081006100,36081003700,151,2021-04-05
36081007700,36081003700,265,2021-04-05
36081008300,36081003700,417,2021-04-05
36081008500,36081003700,466,2021-04-05
36081009900,36081003700,153,2021-04-05
36081015100,36081003700,165,2021-04-05
36081016300,36081003700,218,2021-04-05
36081017400,36081003700,123,2021-04-05
36081018700,36081003700,168,2021-04-05
36081028400,36081003700,116,2021-04-05
36081030903,36081003700,302,2021-04-05
36005025600,36081003700,108,2021-04-12
36047112400,36081003700,198,2021-04-12
36061008800,36081003700,108,2021-04-12
36061010601,36081003700,122,2021-04-12
36081000100,36081003700,185,2021-04-12
36081003700,36081003700,543,2021-04-12
36081003900,36081003700,767,2021-04-12
36081005100,36081003700,131,2021-04-12
36081005700,36081003700,160,2021-04-12
36081008300,36081003700,139,2021-04-12
36081008500,36081003700,128,2021-04-12
36081011300,36081003700,118,2021-04-12
36081011500,36081003700,118,2021-04-12
36081015100,36081003700,168,2021-04-12
36081017100,36081003700,135,2021-04-12
36081018502,36081003700,153,2021-04-12
36081021900,36081003700,200,2021-04-12
36081071600,36081003700,200,2021-04-12
36005014500,36081003700,149,2021-04-19
36005028400,36081003700,160,2021-04-19
36005029600,36081003700,158,2021-04-19
36059407301,36081003700,111,2021-04-19
36059517600,36081003700,169,2021-04-19
36061008601,36081003700,132,2021-04-19
36061010601,36081003700,126,2021-04-19
36061013200,36081003700,158,2021-04-19
36061014402,36081003700,288,2021-04-19
36081000100,36081003700,287,2021-04-19
36081003700,36081003700,268,2021-04-19
36081003900,36081003700,589,2021-04-19
36081005700,36081003700,393,2021-04-19
36081008300,36081003700,295,2021-04-19
36081008500,36081003700,323,2021-04-19
36081008700,36081003700,183,2021-04-19
36081011300,36081003700,128,2021-04-19
36081015500,36081003700,148,2021-04-19
36081027900,36081003700,168,2021-04-19
36081037300,36081003700,158,2021-04-19
36081067900,36081003700,112,2021-04-19
36081094500,36081003700,150,2021-04-19
34003012001,36081003700,106,2021-04-26
36047049900,36081003700,202,2021-04-26
36059413600,36081003700,126,2021-04-26
36061013200,36081003700,155,2021-04-26
36081000700,36081003700,124,2021-04-26
36081001900,36081003700,156,2021-04-26
36081003700,36081003700,223,2021-04-26
36081003900,36081003700,305,2021-04-26
36081004300,36081003700,164,2021-04-26
36081005700,36081003700,144,2021-04-26
36081005900,36081003700,171,2021-04-26
36081007100,36081003700,147,2021-04-26
36081008500,36081003700,126,2021-04-26
36081009500,36081003700,166,2021-04-26
36081018502,36081003700,161,2021-04-26
36081027900,36081003700,165,2021-04-26
36081030904,36081003700,118,2021-04-26
36081069500,36081003700,123,2021-04-26
36081083700,36081003700,156,2021-04-26
36081094500,36081003700,123,2021-04-26
34017006000,36081003700,113,2021-05-03
36005028400,36081003700,166,2021-05-03
36047045300,36081003700,151,2021-05-03
36061010601,36081003700,262,2021-05-03
36081000100,36081003700,176,2021-05-03
36081003300,36081003700,141,2021-05-03
36081003700,36081003700,495,2021-05-03
36081003900,36081003700,293,2021-05-03
36081005700,36081003700,143,2021-05-03
36081006100,36081003700,204,2021-05-03
36081007100,36081003700,140,2021-05-03
36081008500,36081003700,300,2021-05-03
36081009500,36081003700,291,2021-05-03
36081018502,36081003700,112,2021-05-03
36081025100,36081003700,152,2021-05-03
36081031700,36081003700,183,2021-05-03
36047056300,36081003700,145,2021-05-10
36061006200,36081003700,180,2021-05-10
36061011402,36081003700,124,2021-05-10
36061023802,36081003700,168,2021-05-10
36081000100,36081003700,320,2021-05-10
36081003900,36081003700,381,2021-05-10
36081005700,36081003700,304,2021-05-10
36081006100,36081003700,159,2021-05-10
36081011500,36081003700,115,2021-05-10
36081015700,36081003700,117,2021-05-10
36081018700,36081003700,135,2021-05-10
36081025100,36081003700,158,2021-05-10
36081025301,36081003700,148,2021-05-10
36081025500,36081003700,112,2021-05-10
36081088901,36081003700,133,2021-05-10
36081094500,36081003700,275,2021-05-10
36047055500,36081003700,139,2021-05-17
36061006200,36081003700,265,2021-05-17
36061008200,36081003700,162,2021-05-17
36061011100,36081003700,289,2021-05-17
36081000100,36081003700,199,2021-05-17
36081003700,36081003700,722,2021-05-17
36081003900,36081003700,214,2021-05-17
36081006300,36081003700,109,2021-05-17
36081007700,36081003700,143,2021-05-17
36081008500,36081003700,400,2021-05-17
36081011300,36081003700,147,2021-05-17
36081011900,36081003700,303,2021-05-17
36081015900,36081003700,153,2021-05-17
36081025100,36081003700,169,2021-05-17
36081028400,36081003700,181,2021-05-17
36081033402,36081003700,208,2021-05-17
36081038301,36081003700,148,2021-05-17
36081083700,36081003700,162,2021-05-17
36005007300,36081003700,149,2021-05-24
36047001300,36081003700,391,2021-05-24
36047001500,36081003700,210,2021-05-24
36047089000,36081003700,118,2021-05-24
36061014300,36081003700,165,2021-05-24
36081000100,36081003700,196,2021-05-24
36081003300,36081003700,146,2021-05-24
36081003700,36081003700,354,2021-05-24
36081003900,36081003700,217,2021-05-24
36081004700,36081003700,126,2021-05-24
36081006300,36081003700,108,2021-05-24
36081007100,36081003700,131,2021-05-24
36081007700,36081003700,142,2021-05-24
36081008500,36081003700,577,2021-05-24
36081009700,36081003700,128,2021-05-24
36081011300,36081003700,202,2021-05-24
36081018700,36081003700,155,2021-05-24
36081025100,36081003700,159,2021-05-24
36081031700,36081003700,168,2021-05-24
36081033402,36081003700,105,2021-05-24
36081116300,36081003700,145,2021-05-24
36005027300,36081003700,196,2021-05-31
36047089400,36081003700,151,2021-05-31
36059303202,36081003700,144,2021-05-31
36061004800,36081003700,154,2021-05-31
36061014300,36081003700,119,2021-05-31
36081001900,36081003700,166,2021-05-31
36081002500,36081003700,154,2021-05-31
36081003300,36081003700,348,2021-05-31
36081003700,36081003700,493,2021-05-31
36081003900,36081003700,428,2021-05-31
36081004300,36081003700,170,2021-05-31
36081007700,36081003700,133,2021-05-31
36081008500,36081003700,397,2021-05-31
36081011500,36081003700,108,2021-05-31
36081012301,36081003700,206,2021-05-31
36081020800,36081003700,127,2021-05-31
36081023500,36081003700,154,2021-05-31
36081025100,36081003700,161,2021-05-31
36081025301,36081003700,113,2021-05-31
36081025500,36081003700,124,2021-05-31
36081028400,36081003700,149,2021-05-31
36081071600,36081003700,308,2021-05-31
36081088400,36081003700,128,2021-05-31
36081089200,36081003700,138,2021-05-31
36005028400,36081003700,170,2021-06-07
36005038100,36081003700,123,2021-06-07
36047006300,36081003700,150,2021-06-07
36047038500,36081003700,206,2021-06-07
36047057900,36081003700,186,2021-06-07
36047110400,36081003700,174,2021-06-07
36061011500,36081003700,152,2021-06-07
36061011800,36081003700,125,2021-06-07
36081000700,36081003700,401,2021-06-07
36081001900,36081003700,114,2021-06-07
36081002500,36081003700,171,2021-06-07
36081003300,36081003700,142,2021-06-07
36081003700,36081003700,422,2021-06-07
36081003900,36081003700,376,2021-06-07
36081004500,36081003700,162,2021-06-07
36081005700,36081003700,425,2021-06-07
36081006501,36081003700,126,2021-06-07
36081006900,36081003700,168,2021-06-07
36081008300,36081003700,129,2021-06-07
36081008500,36081003700,650,2021-06-07
36081008800,36081003700,161,2021-06-07
36081015700,36081003700,189,2021-06-07
36081018502,36081003700,137,2021-06-07
36081025100,36081003700,164,2021-06-07
36081029700,36081003700,153,2021-06-07
36119001700,36081003700,200,2021-06-07
36047044900,36081003700,221,2021-06-14
36059405301,36081003700,177,2021-06-14
36061009400,36081003700,110,2021-06-14
36061013800,36081003700,199,2021-06-14
36061014601,36081003700,140,2021-06-14
36081000700,36081003700,276,2021-06-14
36081001900,36081003700,128,2021-06-14
36081003300,36081003700,155,2021-06-14
36081003700,36081003700,232,2021-06-14
36081003900,36081003700,282,2021-06-14
36081005100,36081003700,113,2021-06-14
36081008500,36081003700,314,2021-06-14
36081011300,36081003700,314,2021-06-14
36081015900,36081003700,144,2021-06-14
36081018502,36081003700,179,2021-06-14
36081021900,36081003700,166,2021-06-14
36081025100,36081003700,173,2021-06-14
34013023200,36081003700,109,2021-06-21
36059407301,36081003700,207,2021-06-21
36061023801,36081003700,169,2021-06-21
36081001900,36081003700,180,2021-06-21
36081003300,36081003700,157,2021-06-21
36081003700,36081003700,182,2021-06-21
36081006100,36081003700,142,2021-06-21
36081006300,36081003700,194,2021-06-21
36081007700,36081003700,156,2021-06-21
36081008500,36081003700,319,2021-06-21
36081018502,36081003700,162,2021-06-21
36081025100,36081003700,159,2021-06-21
36081025301,36081003700,115,2021-06-21
36081094500,36081003700,456,2021-06-21
36081150702,36081003700,375,2021-06-21
36047006900,36081003700,147,2021-06-28
36059416701,36081003700,173,2021-06-28
36061011600,36081003700,833,2021-06-28
36061014300,36081003700,166,2021-06-28
36061023801,36081003700,118,2021-06-28
36081000100,36081003700,174,2021-06-28
36081001900,36081003700,123,2021-06-28
36081002500,36081003700,156,2021-06-28
36081003300,36081003700,222,2021-06-28
36081003700,36081003700,184,2021-06-28
36081003900,36081003700,367,2021-06-28
36081004700,36081003700,169,2021-06-28
36081005700,36081003700,563,2021-06-28
36081007700,36081003700,131,2021-06-28
36081008500,36081003700,147,2021-06-28
36081009500,36081003700,175,2021-06-28
36081025500,36081003700,131,2021-06-28
36081028100,36081003700,127,2021-06-28
36081033401,36081003700,143,2021-06-28
36081038302,36081003700,109,2021-06-28
36005009000,36081003700,135,2021-07-05
36047011700,36081003700,157,2021-07-05
36059416801,36081003700,112,2021-07-05
36061012000,36081003700,252,2021-07-05
36081003300,36081003700,123,2021-07-05
36081003900,36081003700,392,2021-07-05
36081008500,36081003700,139,2021-07-05
36081011500,36081003700,133,2021-07-05
36081013700,36081003700,144,2021-07-05
36081016100,36081003700,125,2021-07-05
36081018502,36081003700,166,2021-07-05
36081094500,36081003700,265,2021-07-05
36005006700,36081003700,133,2021-07-12
36047015100,36081003700,144,2021-07-12
36061006200,36081003700,280,2021-07-12
36061007000,36081003700,115,2021-07-12
36061012000,36081003700,149,2021-07-12
36061012500,36081003700,129,2021-07-12
36081001900,36081003700,134,2021-07-12
36081003900,36081003700,359,2021-07-12
36081005700,36081003700,491,2021-07-12
36081007700,36081003700,123,2021-07-12
36081009500,36081003700,226,2021-07-12
36081018502,36081003700,169,2021-07-12
36081025100,36081003700,150,2021-07-12
36081094500,36081003700,118,2021-07-12
36005009800,36081003700,132,2021-07-19
36047035200,36081003700,341,2021-07-19
36047110400,36081003700,153,2021-07-19
36061005000,36081003700,124,2021-07-19
36061023000,36081003700,129,2021-07-19
36061023600,36081003700,157,2021-07-19
36061024200,36081003700,193,2021-07-19
36081000100,36081003700,208,2021-07-19
36081000700,36081003700,139,2021-07-19
36081002500,36081003700,618,2021-07-19
36081003700,36081003700,733,2021-07-19
36081005300,36081003700,146,2021-07-19
36081007700,36081003700,109,2021-07-19
36081008500,36081003700,610,2021-07-19
36081017100,36081003700,154,2021-07-19
36081025100,36081003700,169,2021-07-19
36081025500,36081003700,118,2021-07-19
36103169704,36081003700,172,2021-07-19
36005038100,36081003700,179,2021-07-26
36047031500,36081003700,144,2021-07-26
36061012000,36081003700,158,2021-07-26
36061021800,36081003700,140,2021-07-26
36081000100,36081003700,203,2021-07-26
36081002500,36081003700,610,2021-07-26
36081003700,36081003700,390,2021-07-26
36081003900,36081003700,422,2021-07-26
36081005700,36081003700,207,2021-07-26
36081007100,36081003700,161,2021-07-26
36081007700,36081003700,406,2021-07-26
36081008500,36081003700,416,2021-07-26
36081015100,36081003700,176,2021-07-26
36081025100,36081003700,165,2021-07-26
36081031700,36081003700,120,2021-07-26
36081033401,36081003700,110,2021-07-26
36047090600,36081003700,244,2021-08-02
36061011402,36081003700,124,2021-08-02
36061023801,36081003700,122,2021-08-02
36081000100,36081003700,188,2021-08-02
36081001900,36081003700,279,2021-08-02
36081002500,36081003700,309,2021-08-02
36081003700,36081003700,219,2021-08-02
36081003900,36081003700,234,2021-08-02
36081004500,36081003700,206,2021-08-02
36081007500,36081003700,200,2021-08-02
36081007700,36081003700,123,2021-08-02
36081008500,36081003700,704,2021-08-02
36081009500,36081003700,197,2021-08-02
36081017100,36081003700,403,2021-08-02
36081018502,36081003700,185,2021-08-02
36047105804,36081003700,524,2021-08-09
36047110400,36081003700,295,2021-08-09
36061008000,36081003700,117,2021-08-09
36081002500,36081003700,460,2021-08-09
36081003300,36081003700,161,2021-08-09
36081003700,36081003700,186,2021-08-09
36081003900,36081003700,215,2021-08-09
36081004300,36081003700,372,2021-08-09
36081004500,36081003700,207,2021-08-09
36081005700,36081003700,180,2021-08-09
36081005900,36081003700,145,2021-08-09
36081007900,36081003700,248,2021-08-09
36081008500,36081003700,154,2021-08-09
36081011300,36081003700,146,2021-08-09
36081021600,36081003700,134,2021-08-09
36081027300,36081003700,126,2021-08-09
36081068300,36081003700,163,2021-08-09
36047091600,36081003700,205,2021-08-16
36047107000,36081003700,133,2021-08-16
36047110400,36081003700,143,2021-08-16
36061003200,36081003700,146,2021-08-16
36061010800,36081003700,433,2021-08-16
36061017300,36081003700,121,2021-08-16
36081003700,36081003700,359,2021-08-16
36081003900,36081003700,201,2021-08-16
36081007100,36081003700,136,2021-08-16
36081007700,36081003700,250,2021-08-16
36081008500,36081003700,439,2021-08-16
36081025500,36081003700,238,2021-08-16
36081046800,36081003700,156,2021-08-16
36047015100,36081003700,256,2021-08-23
36081001900,36081003700,186,2021-08-23
36081003900,36081003700,370,2021-08-23
36081004300,36081003700,369,2021-08-23
36081007700,36081003700,122,2021-08-23
36081008300,36081003700,141,2021-08-23
36081011500,36081003700,162,2021-08-23
36081015100,36081003700,188,2021-08-23
36081015500,36081003700,111,2021-08-23
36005039700,36081003700,173,2021-08-30
36047056100,36081003700,136,2021-08-30
36047058900,36081003700,158,2021-08-30
36047105804,36081003700,187,2021-08-30
36081001900,36081003700,312,2021-08-30
36081002500,36081003700,196,2021-08-30
36081003700,36081003700,466,2021-08-30
36081003900,36081003700,360,2021-08-30
36081005300,36081003700,167,2021-08-30
36081005700,36081003700,284,2021-08-30
36081006100,36081003700,286,2021-08-30
36081008500,36081003700,375,2021-08-30
36081011300,36081003700,135,2021-08-30
36081025500,36081003700,180,2021-08-30
36081001900,36081003700,125,2021-09-06
36081002500,36081003700,221,2021-09-06
36081003300,36081003700,146,2021-09-06
36081003700,36081003700,329,2021-09-06
36081003900,36081003700,215,2021-09-06
36081004500,36081003700,130,2021-09-06
36081005100,36081003700,187,2021-09-06
36081007700,36081003700,149,2021-09-06
36081008500,36081003700,536,2021-09-06
36081009100,36081003700,256,2021-09-06
36081009500,36081003700,220,2021-09-06
36081013700,36081003700,137,2021-09-06
36081015500,36081003700,159,2021-09-06
36081027900,36081003700,177,2021-09-06
36081046600,36081003700,123,2021-09-06
36081046800,36081003700,287,2021-09-06
36081061301,36081003700,152,2021-09-06
36061001502,36081003700,240,2021-09-13
36061010000,36081003700,177,2021-09-13
36081001900,36081003700,320,2021-09-13
36081002500,36081003700,217,2021-09-13
36081003300,36081003700,165,2021-09-13
36081003700,36081003700,178,2021-09-13
36081003900,36081003700,285,2021-09-13
36081006100,36081003700,125,2021-09-13
36081008500,36081003700,388,2021-09-13
36081011300,36081003700,119,2021-09-13
36081018300,36081003700,121,2021-09-13
36081022001,36081003700,162,2021-09-13
36061010000,36081003700,109,2021-09-20
36061021500,36081003700,129,2021-09-20
36061023801,36081003700,317,2021-09-20
36081003900,36081003700,406,2021-09-20
36081005700,36081003700,176,2021-09-20
36081005900,36081003700,127,2021-09-20
36081007100,36081003700,142,2021-09-20
36081008500,36081003700,138,2021-09-20
36081009700,36081003700,156,2021-09-20
36081033402,36081003700,121,2021-09-20
36005051600,36081003700,214,2021-09-27
36059416801,36081003700,130,2021-09-27
36061001502,36081003700,167,2021-09-27
36061002100,36081003700,309,2021-09-27
36061010900,36081003700,117,2021-09-27
36081000100,36081003700,309,2021-09-27
36081003300,36081003700,183,2021-09-27
36081003700,36081003700,313,2021-09-27
36081003900,36081003700,137,2021-09-27
36081005700,36081003700,165,2021-09-27
36081007100,36081003700,145,2021-09-27
36081007700,36081003700,131,2021-09-27
36081008500,36081003700,142,2021-09-27
36081015100,36081003700,178,2021-09-27
36081025500,36081003700,329,2021-09-27
36081046800,36081003700,149,2021-09-27
36081086900,36081003700,140,2021-09-27
36081094500,36081003700,172,2021-09-27
36061010000,36081003700,151,2021-10-04
36061023100,36081003700,166,2021-10-04
36081001900,36081003700,147,2021-10-04
36081002500,36081003700,176,2021-10-04
36081003700,36081003700,221,2021-10-04
36081003900,36081003700,236,2021-10-04
36081005700,36081003700,377,2021-10-04
36081005900,36081003700,150,2021-10-04
36081006300,36081003700,161,2021-10-04
36081007100,36081003700,131,2021-10-04
36081008300,36081003700,245,2021-10-04
36081008500,36081003700,140,2021-10-04
36081009500,36081003700,204,2021-10-04
36081010701,36081003700,312,2021-10-04
36081011100,36081003700,146,2021-10-04
36081014300,36081003700,118,2021-10-04
36059302502,36081003700,113,2021-10-11
36059303600,36081003700,129,2021-10-11
36061008100,36081003700,147,2021-10-11
36061009300,36081003700,146,2021-10-11
36081001900,36081003700,137,2021-10-11
36081002500,36081003700,156,2021-10-11
36081003300,36081003700,196,2021-10-11
36081003700,36081003700,244,2021-10-11
36081003900,36081003700,166,2021-10-11
36081005300,36081003700,165,2021-10-11
36081007100,36081003700,181,2021-10-11
36081007700,36081003700,125,2021-10-11
36081044601,36081003700,128,2021-10-11
36047048100,36081003700,153,2021-10-18
36059410500,36081003700,115,2021-10-18
36059413600,36081003700,220,2021-10-18
36061002100,36081003700,333,2021-10-18
36061023801,36081003700,136,2021-10-18
36081003700,36081003700,217,2021-10-18
36081003900,36081003700,318,2021-10-18
36081004500,36081003700,214,2021-10-18
36081005900,36081003700,128,2021-10-18
36081006100,36081003700,151,2021-10-18
36081007100,36081003700,128,2021-10-18
36081008100,36081003700,168,2021-10-18
36081008500,36081003700,196,2021-10-18
36081014900,36081003700,137,2021-10-18
36081015700,36081003700,135,2021-10-18
36081018900,36081003700,187,2021-10-18
36081094500,36081003700,154,2021-10-18
36081002500,36081003700,193,2021-10-25
36081003300,36081003700,134,2021-10-25
36081003700,36081003700,192,2021-10-25
36081003900,36081003700,690,2021-10-25
36081005700,36081003700,281,2021-10-25
36081007100,36081003700,161,2021-10-25
36081008500,36081003700,142,2021-10-25
36081017100,36081003700,116,2021-10-25
36081025100,36081003700,161,2021-10-25
36081030903,36081003700,117,2021-10-25
36081034700,36081003700,132,2021-10-25
36081044601,36081003700,142,2021-10-25
36081145900,36081003700,148,2021-10-25
36005009800,36081003700,157,2021-11-01
36005033800,36081003700,210,2021-11-01
36047028300,36081003700,161,2021-11-01
36047051100,36081003700,120,2021-11-01
36061002100,36081003700,123,2021-11-01
36061009400,36081003700,128,2021-11-01
36081003300,36081003700,174,2021-11-01
36081003700,36081003700,677,2021-11-01
36081003900,36081003700,419,2021-11-01
36081004300,36081003700,150,2021-11-01
36081007700,36081003700,149,2021-11-01
36081008100,36081003700,203,2021-11-01
36081008300,36081003700,240,2021-11-01
36081011300,36081003700,137,2021-11-01
36081015700,36081003700,146,2021-11-01
36081025500,36081003700,134,2021-11-01
36081045800,36081003700,213,2021-11-01
36081084000,36081003700,127,2021-11-01
36061013700,36081003700,182,2021-11-08
36061023801,36081003700,130,2021-11-08
36061023802,36081003700,145,2021-11-08
36061025700,36081003700,210,2021-11-08
36081002500,36081003700,192,2021-11-08
36081003900,36081003700,198,2021-11-08
36081004700,36081003700,158,2021-11-08
36081005100,36081003700,162,2021-11-08
36081005700,36081003700,144,2021-11-08
36081007100,36081003700,135,2021-11-08
36081008500,36081003700,265,2021-11-08
36081011500,36081003700,112,2021-11-08
36081025100,36081003700,163,2021-11-08
36081071702,36081003700,177,2021-11-08
36061023802,36081003700,171,2021-11-15
36081003300,36081003700,175,2021-11-15
36081003700,36081003700,171,2021-11-15
36081003900,36081003700,387,2021-11-15
36081004700,36081003700,148,2021-11-15
36081005700,36081003700,124,2021-11-15
36081006100,36081003700,126,2021-11-15
36081007900,36081003700,140,2021-11-15
36081008300,36081003700,188,2021-11-15
36081008500,36081003700,775,2021-11-15
36081009500,36081003700,146,2021-11-15
36081011300,36081003700,153,2021-11-15
36081011500,36081003700,260,2021-11-15
36081011700,36081003700,132,2021-11-15
36081015300,36081003700,115,2021-11-15
36081032000,36081003700,143,2021-11-15
36061023802,36081003700,96,2021-11-22
36081001900,36081003700,94,2021-11-22
36081003700,36081003700,124,2021-11-22
36081003900,36081003700,260,2021-11-22
36081004700,36081003700,93,2021-11-22
36081006100,36081003700,90,2021-11-22
36081007100,36081003700,76,2021-11-22
36081007300,36081003700,86,2021-11-22
36081007700,36081003700,102,2021-11-22
36081007900,36081003700,89,2021-11-22
36081008100,36081003700,89,2021-11-22
36081008500,36081003700,446,2021-11-22
36081010300,36081003700,136,2021-11-22
36081018101,36081003700,84,2021-11-22
36081025100,36081003700,99,2021-11-22
36081025500,36081003700,84,2021-11-22
36047019700,36081003700,252,2021-11-29
36047042900,36081003700,93,2021-11-29
36061012200,36081003700,111,2021-11-29
36061013900,36081003700,93,2021-11-29
36061023801,36081003700,220,2021-11-29
36061023802,36081003700,271,2021-11-29
36081003300,36081003700,129,2021-11-29
36081003700,36081003700,363,2021-11-29
36081003900,36081003700,254,2021-11-29
36081005700,36081003700,104,2021-11-29
36081007700,36081003700,284,2021-11-29
36081008300,36081003700,108,2021-11-29
36081008500,36081003700,382,2021-11-29
36081010300,36081003700,186,2021-11-29
36081011500,36081003700,108,2021-11-29
36081015100,36081003700,112,2021-11-29
36081017900,36081003700,208,2021-11-29
36005006700,36081003700,115,2021-12-06
36061012200,36081003700,112,2021-12-06
36081003300,36081003700,166,2021-12-06
36081003700,36081003700,225,2021-12-06
36081003900,36081003700,164,2021-12-06
36081005700,36081003700,176,2021-12-06
36081007100,36081003700,120,2021-12-06
36081008100,36081003700,134,2021-12-06
36081008500,36081003700,167,2021-12-06
36081011300,36081003700,110,2021-12-06
36081017900,36081003700,231,2021-12-06
36081018502,36081003700,144,2021-12-06
36081035700,36081003700,124,2021-12-06
36061008603,36081003700,119,2021-12-13
36081003700,36081003700,298,2021-12-13
36081003900,36081003700,487,2021-12-13
36081005100,36081003700,202,2021-12-13
36081007700,36081003700,92,2021-12-13
36081008500,36081003700,430,2021-12-13
36081010300,36081003700,257,2021-12-13
36081017900,36081003700,113,2021-12-13
36081018502,36081003700,136,2021-12-13
36081018900,36081003700,116,2021-12-13
36081024500,36081003700,114,2021-12-13
36081157903,36081003700,141,2021-12-13
36061011600,36081003700,103,2021-12-20
36061012400,36081003700,290,2021-12-20
36061013200,36081003700,145,2021-12-20
36081000700,36081003700,107,2021-12-20
36081003100,36081003700,148,2021-12-20
36081003300,36081003700,286,2021-12-20
36081003700,36081003700,381,2021-12-20
36081003900,36081003700,226,2021-12-20
36081005700,36081003700,107,2021-12-20
36081008500,36081003700,108,2021-12-20
36081009500,36081003700,91,2021-12-20
36081025500,36081003700,127,2021-12-20
36081031700,36081003700,178,2021-12-20
36061008603,36081003700,127,2021-12-27
36061023801,36081003700,127,2021-12-27
36081000700,36081003700,128,2021-12-27
36081002500,36081003700,85,2021-12-27
36081003700,36081003700,349,2021-12-27
36081003900,36081003700,411,2021-12-27
36081004300,36081003700,113,2021-12-27
36081005300,36081003700,122,2021-12-27
36081007100,36081003700,105,2021-12-27
36081008500,36081003700,239,2021-12-27
36081010300,36081003700,129,2021-12-27
36061009700,36081003700,138,2022-01-03
36061011402,36081003700,101,2022-01-03
36061011800,36081003700,95,2022-01-03
36061023801,36081003700,118,2022-01-03
36081003300,36081003700,205,2022-01-03
36081003700,36081003700,150,2022-01-03
36081003900,36081003700,309,2022-01-03
36081004300,36081003700,326,2022-01-03
36081005700,36081003700,140,2022-01-03
36081006501,36081003700,84,2022-01-03
36081008500,36081003700,385,2022-01-03
36081010300,36081003700,170,2022-01-03
36081013700,36081003700,104,2022-01-03
36081017100,36081003700,89,2022-01-03
36081033100,36081003700,114,2022-01-03
36005020200,36081003700,140,2022-01-10
36061023801,36081003700,205,2022-01-10
36081003700,36081003700,300,2022-01-10
36081003900,36081003700,284,2022-01-10
36081005300,36081003700,118,2022-01-10
36081005700,36081003700,256,2022-01-10
36081007700,36081003700,117,2022-01-10
36081008500,36081003700,253,2022-01-10
36081009500,36081003700,80,2022-01-10
36081012500,36081003700,140,2022-01-10
36081018300,36081003700,124,2022-01-10
36061027700,36081003700,255,2022-01-17
36081003700,36081003700,301,2022-01-17
36081003900,36081003700,272,2022-01-17
36081005700,36081003700,269,2022-01-17
36081008500,36081003700,271,2022-01-17
36081009500,36081003700,181,2022-01-17
36061009200,36081003700,277,2022-01-24
36081002500,36081003700,253,2022-01-24
36081003700,36081003700,223,2022-01-24
36081003900,36081003700,481,2022-01-24
36081007700,36081003700,155,2022-01-24
36081008500,36081003700,386,2022-01-24
36081011300,36081003700,138,2022-01-24
36061010800,36081003700,105,2022-01-31
36061011600,36081003700,258,2022-01-31
36061023801,36081003700,123,2022-01-31
36081003300,36081003700,100,2022-01-31
36081003700,36081003700,408,2022-01-31
36081003900,36081003700,467,2022-01-31
36081005700,36081003700,92,2022-01-31
36081007700,36081003700,92,2022-01-31
36081008500,36081003700,617,2022-01-31
36061007000,36081003700,137,2022-02-07
36081000700,36081003700,97,2022-02-07
36081003700,36081003700,317,2022-02-07
36081003900,36081003700,252,2022-02-07
36081006300,36081003700,211,2022-02-07
36081008500,36081003700,183,2022-02-07
36081009500,36081003700,125,2022-02-07
36081010300,36081003700,245,2022-02-07
36081024900,36081003700,114,2022-02-07
36081025500,36081003700,116,2022-02-07
36081025900,36081003700,121,2022-02-07
36119005800,36081003700,149,2022-02-07
36005020200,36081003700,157,2022-02-14
36061002100,36081003700,89,2022-02-14
36061010601,36081003700,121,2022-02-14
36061023801,36081003700,139,2022-02-14
36081000100,36081003700,131,2022-02-14
36081003700,36081003700,171,2022-02-14
36081003900,36081003700,682,2022-02-14
36081006300,36081003700,89,2022-02-14
36081017900,36081003700,93,2022-02-14
36081018501,36081003700,144,2022-02-14
36081024500,36081003700,109,2022-02-14
36081025700,36081003700,151,2022-02-14
36081029100,36081003700,139,2022-02-14
36081134700,36081003700,419,2022-02-14
36119005800,36081003700,320,2022-02-14
36047042900,36081003700,79,2022-02-21
36047057900,36081003700,168,2022-02-21
36047114400,36081003700,82,2022-02-21
36061001800,36081003700,70,2022-02-21
36061010601,36081003700,75,2022-02-21
36061010800,36081003700,84,2022-02-21
36061015400,36081003700,92,2022-02-21
36061023801,36081003700,194,2022-02-21
36081003700,36081003700,400,2022-02-21
36081003900,36081003700,513,2022-02-21
36081004700,36081003700,145,2022-02-21
36081005700,36081003700,77,2022-02-21
36081007700,36081003700,77,2022-02-21
36081008500,36081003700,395,2022-02-21
36081017100,36081003700,71,2022-02-21
36081018502,36081003700,88,2022-02-21
36081019900,36081003700,93,2022-02-21
36081025301,36081003700,83,2022-02-21
36081025700,36081003700,102,2022-02-21
36081112300,36081003700,83,2022-02-21
36119005800,36081003700,94,2022-02-21
36005007300,36081003700,65,2022-02-28
36061012200,36081003700,145,2022-02-28
36061023801,36081003700,175,2022-02-28
36081000100,36081003700,94,2022-02-28
36081001900,36081003700,107,2022-02-28
36081003300,36081003700,90,2022-02-28
36081003700,36081003700,346,2022-02-28
36081005500,36081003700,84,2022-02-28
36081005700,36081003700,259,2022-02-28
36081008500,36081003700,163,2022-02-28
36081009700,36081003700,92,2022-02-28
36081015900,36081003700,96,2022-02-28
36081017100,36081003700,74,2022-02-28
36081018502,36081003700,84,2022-02-28
36119009400,36081003700,64,2022-02-28
34013015400,36081003700,68,2022-03-07
36005006900,36081003700,70,2022-03-07
36047057900,36081003700,75,2022-03-07
36061003200,36081003700,89,2022-03-07
36061012200,36081003700,91,2022-03-07
36061013600,36081003700,97,2022-03-07
36061023801,36081003700,80,2022-03-07
36081000100,36081003700,118,2022-03-07
36081003300,36081003700,100,2022-03-07
36081003700,36081003700,284,2022-03-07
36081003900,36081003700,135,2022-03-07
36081005300,36081003700,123,2022-03-07
36081005700,36081003700,216,2022-03-07
36081008100,36081003700,209,2022-03-07
36081008500,36081003700,79,2022-03-07
36081011300,36081003700,82,2022-03-07
36081015500,36081003700,79,2022-03-07
36081018900,36081003700,78,2022-03-07
34017000400,36081003700,63,2022-03-14
36005006700,36081003700,86,2022-03-14
36047001100,36081003700,75,2022-03-14
36047054300,36081003700,97,2022-03-14
36059301000,36081003700,86,2022-03-14
36061013300,36081003700,68,2022-03-14
36081000700,36081003700,113,2022-03-14
36081003100,36081003700,74,2022-03-14
36081003700,36081003700,448,2022-03-14
36081003900,36081003700,164,2022-03-14
36081005100,36081003700,70,2022-03-14
36081005700,36081003700,70,2022-03-14
36081008500,36081003700,196,2022-03-14
36081009400,36081003700,67,2022-03-14
36081017900,36081003700,138,2022-03-14
36081025900,36081003700,62,2022-03-14
36047015000,36081003700,86,2022-03-21
36047042900,36081003700,68,2022-03-21
36047057900,36081003700,159,2022-03-21
36059407201,36081003700,109,2022-03-21
36061009500,36081003700,74,2022-03-21
36061010601,36081003700,73,2022-03-21
36061023801,36081003700,85,2022-03-21
36081003300,36081003700,206,2022-03-21
36081003700,36081003700,106,2022-03-21
36081003900,36081003700,221,2022-03-21
36081004300,36081003700,123,2022-03-21
36081006300,36081003700,78,2022-03-21
36081007900,36081003700,97,2022-03-21
36081008500,36081003700,115,2022-03-21
36081014300,36081003700,63,2022-03-21
36081016100,36081003700,77,2022-03-21
36081018502,36081003700,85,2022-03-21
36081019900,36081003700,97,2022-03-21
36081079701,36081003700,76,2022-03-21
36047057900,36081003700,132,2022-03-28
36047119600,36081003700,82,2022-03-28
36061005502,36081003700,71,2022-03-28
36061023801,36081003700,302,2022-03-28
36081000100,36081003700,88,2022-03-28
36081001900,36081003700,96,2022-03-28
36081002500,36081003700,128,2022-03-28
36081003700,36081003700,103,2022-03-28
36081003900,36081003700,102,2022-03-28
36081005300,36081003700,77,2022-03-28
36081006100,36081003700,87,2022-03-28
36081007900,36081003700,89,2022-03-28
36081008500,36081003700,85,2022-03-28
36081008700,36081003700,106,2022-03-28
36081016300,36081003700,71,2022-03-28
36081017100,36081003700,76,2022-03-28
36081018502,36081003700,88,2022-03-28
36081028800,36081003700,89,2022-03-28
36081030904,36081003700,170,2022-03-28
36081071702,36081003700,96,2022-03-28
34003003200,36081003700,79,2022-04-04
36047119600,36081003700,88,2022-04-04
36059407201,36081003700,124,2022-04-04
36061023802,36081003700,93,2022-04-04
36081000100,36081003700,100,2022-04-04
36081003700,36081003700,131,2022-04-04
36081003900,36081003700,91,2022-04-04
36081004500,36081003700,142,2022-04-04
36081007700,36081003700,81,2022-04-04
36081008500,36081003700,217,2022-04-04
36081009500,36081003700,91,2022-04-04
36081018502,36081003700,91,2022-04-04
36081025900,36081003700,88,2022-04-04
36005006100,36081003700,113,2022-04-11
36005014500,36081003700,85,2022-04-11
36005020200,36081003700,105,2022-04-11
36047011900,36081003700,71,2022-04-11
36047012700,36081003700,120,2022-04-11
36047032300,36081003700,104,2022-04-11
36047119600,36081003700,84,2022-04-11
36061005502,36081003700,107,2022-04-11
36061011201,36081003700,73,2022-04-11
36061012700,36081003700,67,2022-04-11
36061023801,36081003700,178,2022-04-11
36081003300,36081003700,96,2022-04-11
36081003700,36081003700,290,2022-04-11
36081003900,36081003700,268,2022-04-11
36081004300,36081003700,79,2022-04-11
36081006900,36081003700,82,2022-04-11
36081008500,36081003700,85,2022-04-11
36081009900,36081003700,76,2022-04-11
36081017900,36081003700,73,2022-04-11
36081025100,36081003700,98,2022-04-11
36047048500,36081003700,103,2022-04-18
36047119600,36081003700,85,2022-04-18
36061001300,36081003700,204,2022-04-18
36061008601,36081003700,85,2022-04-18
36081003300,36081003700,90,2022-04-18
36081003700,36081003700,237,2022-04-18
36081003900,36081003700,100,2022-04-18
36081005300,36081003700,65,2022-04-18
36081005700,36081003700,182,2022-04-18
36081007700,36081003700,169,2022-04-18
36081008500,36081003700,78,2022-04-18
36081016300,36081003700,81,2022-04-18
36081018300,36081003700,67,2022-04-18
36081025100,36081003700,83,2022-04-18
36081030902,36081003700,79,2022-04-18
36047026700,36081003700,74,2022-04-25
36047042900,36081003700,71,2022-04-25
36047073400,36081003700,59,2022-04-25
36047119600,36081003700,73,2022-04-25
36061012100,36081003700,135,2022-04-25
36081015500,36081003700,59,2022-04-25
36081071600,36081003700,63,2022-04-25
